,title,role,link
0,Startologic Technologies,Support Engineer (Software),https://internshala.com//job/detail/support-engineer-software-fresher-jobs-in-delhi-at-startologic-technologies1676711370
1,Buddha Education Association Incorporation,Artificial Intelligence (AI) Executive,https://internshala.com//job/detail/remote-artificial-intelligence-ai-executive-fresher-jobs-at-buddha-education-association-incorporation1676713900
2,Ultimez Technology,Java Backend Developer,https://internshala.com//job/detail/remote-java-backend-developer-fresher-jobs-at-ultimez-technology1676618076
3,SIXHOPS INFOTECH PRIVATE LIMITED,Junior Software Developer,https://internshala.com//job/detail/remote-junior-software-developer-fresher-jobs-at-sixhops-infotech-private-limited1676624223
4,Schrodinger Ideas Private Limited,ASP.NET Developer,https://internshala.com//job/detail/remote-aspnet-developer-fresher-jobs-at-schrodinger-ideas-private-limited1676629244
5,Buddha Education Association Incorporation,Senior Software Developer,https://internshala.com//job/detail/senior-software-developer-fresher-jobs-in-pune-mumbai-at-buddha-education-association-incorporation1676632439
6,CodeFire Technologies Private Limited,Junior Software Developer,https://internshala.com//job/detail/junior-software-developer-fresher-jobs-in-noida-at-codefire-technologies-private-limited1676532465
7,Damyant Software Private Limited,Associate Software Developer,https://internshala.com//job/detail/associate-software-developer-fresher-jobs-in-noida-at-damyant-software-private-limited1676612787
8,Ted Consulting,Junior Node.js Developer,https://internshala.com//job/detail/junior-nodejs-developer-fresher-jobs-in-multiple-locations-at-ted-consulting1676612716
9,Schrodinger Ideas Private Limited,Python Developer,https://internshala.com//job/detail/remote-python-developer-fresher-jobs-at-schrodinger-ideas-private-limited1676625069
10,Gamersroof Tecnologies,Game Engine Artist,https://internshala.com//job/detail/remote-game-engine-artist-fresher-jobs-at-gamersroof-tecnologies1676567039
11,Teksmobile,Junior Software Developer,https://internshala.com//job/detail/junior-software-developer-fresher-jobs-in-kolkata-at-teksmobile1676612765
12,OrderStack,Software Engineer Trainee,https://internshala.com//job/detail/software-engineer-trainee-fresher-jobs-in-mumbai-at-orderstack1676614906
13,Maraekat Infotech Limited,Software Support Executive,https://internshala.com//job/detail/software-support-executive-fresher-jobs-in-mumbai-at-maraekat-infotech-limited1676529094
14,Talent Corner HR Services Private Limited,Senior ASP .NET Developer,https://internshala.com//job/detail/senior-asp-net-developer-fresher-jobs-in-chennai-at-talent-corner-hr-services-private-limited1676615683
15,PNB MetLife India Life Insurance Company Limited,Executive - Enterprise Architecture,https://internshala.com//job/detail/executive-enterprise-architecture-fresher-jobs-in-mumbai-at-pnb-metlife-india-life-insurance-company-limited1676538525
16,Cement Digital Private Limited,Trainee Dot Net Developer,https://internshala.com//job/detail/trainee-dot-net-developer-fresher-jobs-in-ahmedabad-at-cement-digital-private-limited1676537353
17,UcodeSoft Private Limited,Associate Software Engineer,https://internshala.com//job/detail/associate-software-engineer-fresher-jobs-in-mohali-at-ucodesoft-private-limited1676541372
18,Bpract Software Solutions LLP,Junior Software Developer,https://internshala.com//job/detail/junior-software-developer-fresher-jobs-in-kozhikode-at-bpract-software-solutions-llp1676539940
19,Advent,Drupal Developer,https://internshala.com//job/detail/drupal-developer-fresher-jobs-in-bangalore-at-advent1676555085
20,Adyan Consultants Private Limited,ASP.NET Developer,https://internshala.com//job/detail/aspnet-developer-fresher-jobs-in-kolkata-at-adyan-consultants-private-limited1675772273
21,Planet Odoo,Junior Python Developer,https://internshala.com//job/detail/junior-python-developer-fresher-jobs-in-mumbai-at-planet-odoo1676549465
22,Theunpluggedweb,Java Developer,https://internshala.com//job/detail/java-developer-fresher-jobs-in-ahmedabad-at-theunpluggedweb1675851724
23,Eqaim Technology & Services,Junior Software Developer,https://internshala.com//job/detail/junior-software-developer-fresher-jobs-in-multiple-locations-at-eqaim-technology-services1676478259
24,Wundrsight,Game Developer,https://internshala.com//job/detail/remote-game-developer-fresher-jobs-at-wundrsight1676471226
25,CamfyVision Innovations,Junior ASP.NET Developer,https://internshala.com//job/detail/junior-aspnet-developer-fresher-jobs-in-bangalore-at-camfyvision-innovations1676373241
26,Woodiewin Technology Private Limited,Junior Software Developer,https://internshala.com//job/detail/remote-junior-software-developer-fresher-jobs-at-woodiewin-technology-private-limited1676374015
27,SupraDigit Solutions Private Limited,Software Engineer Trainee,https://internshala.com//job/detail/software-engineer-trainee-fresher-jobs-in-multiple-locations-at-supradigit-solutions-private-limited1676460203
28,IDZ Digital Private Limited,Senior Unity Developer,https://internshala.com//job/detail/senior-unity-developer-fresher-jobs-in-multiple-locations-at-idz-digital-private-limited1676529866
29,Misha Infotech Private Limited,Junior Software Developer,https://internshala.com//job/detail/junior-software-developer-fresher-jobs-in-noida-at-misha-infotech-private-limited1676464807
30,Blackcoffer,ASP.NET Developer,https://internshala.com//job/detail/remote-aspnet-developer-fresher-jobs-at-blackcoffer1676527626
31,Arbro Pharmaceuticals Private Limited,.NET Developer,https://internshala.com//job/detail/net-developer-fresher-jobs-in-delhi-at-arbro-pharmaceuticals-private-limited1676527716
32,Abjima IT Consulting Private Limited,Junior Software Developer,https://internshala.com//job/detail/junior-software-developer-fresher-jobs-in-jaipur-at-abjima-it-consulting-private-limited1676461888
33,Internshala,Associate SDE (Web),https://internshala.com//job/detail/associate-sde-web-fresher-jobs-in-gurgaon-at-internshala1676524264
34,Glaze,Web Developer,https://internshala.com//job/detail/web-developer-fresher-jobs-in-coimbatore-at-glaze1676461132
35,Idea Usher,Game Developer,https://internshala.com//job/detail/remote-game-developer-fresher-jobs-at-idea-usher1676468018
36,Ankit Ramani,Product Analyst,https://internshala.com//job/detail/product-analyst-fresher-jobs-in-ahmedabad-at-ankit-ramani1676372603
37,SYMB Technologies,Unity Developer,https://internshala.com//job/detail/remote-unity-developer-fresher-jobs-at-symb-technologies1676453656
38,Matrid Technologies,Junior Software Developer,https://internshala.com//job/detail/junior-software-developer-fresher-jobs-in-mohali-at-matrid-technologies1676443090
39,All Friends Studio,.NET Developer,https://internshala.com//job/detail/net-developer-fresher-jobs-in-delhi-gurgaon-at-all-friends-studio1676452094
